{
  "audited_account_id": {
    "encryption": [
      {
        "Bucket": "example-bucket-1",
        "Status": "PASS",
        "Details": "S3 Bucket example-bucket-1 has Server Side Encryption with AES256.",
        "ARN": "arn:aws:s3:::example-bucket-1",
        "Region": "us-west-2",
        "Tags": []
      },
      {
        "Bucket": "example-bucket-2",
        "Status": "FAIL",
        "Details": "S3 Bucket example-bucket-2 does not have Server Side Encryption enabled.",
        "ARN": "arn:aws:s3:::example-bucket-2",
        "Region": "us-east-1",
        "Tags": []
      }
    ],
    "mfa_delete": [
      {
        "Bucket": "example-bucket-1",
        "Status": "FAIL",
        "Details": "S3 Bucket example-bucket-1 has MFA Delete disabled.",
        "ARN": "arn:aws:s3:::example-bucket-1",
        "Region": "us-west-2",
        "Tags": []
      },
      {
        "Bucket": "example-bucket-2",
        "Status": "PASS",
        "Details": "S3 Bucket example-bucket-2 has MFA Delete enabled.",
        "ARN": "arn:aws:s3:::example-bucket-2",
        "Region": "us-east-1",
        "Tags": []
      }
    ],
    "object_lock": [
      {
        "Bucket": "example-bucket-1",
        "Status": "FAIL",
        "Details": "S3 Bucket example-bucket-1 has Object Lock disabled.",
        "ARN": "arn:aws:s3:::example-bucket-1",
        "Region": "us-west-2",
        "Tags": []
      },
      {
        "Bucket": "example-bucket-2",
        "Status": "PASS",
        "Details": "S3 Bucket example-bucket-2 has Object Lock enabled.",
        "ARN": "arn:aws:s3:::example-bucket-2",
        "Region": "us-east-1",
        "Tags": []
      }
    ],
    "public_access": [
      {
        "Status": "PASS",
        "Details": "All S3 public access is blocked at account level.",
        "Region": "us-west-2",
        "ResourceID": "audited_account_id",
        "ResourceARN": "arn:aws:s3:::audited_account_id",
        "ResourceTags": []
      }
    ],
    "secure_transport": [
      {
        "Status": "PASS",
        "Details": "S3 bucket 'example-bucket-1' has a bucket policy to deny requests over insecure transport, ensuring data is transmitted securely.",
        "Region": "us-west-2",
        "ResourceID": "example-bucket-1",
        "ResourceARN": "arn:aws:s3:::example-bucket-1",
        "ResourceTags": []
      },
      {
        "Status": "FAIL",
        "Details": "S3 bucket 'example-bucket-2' allows requests over insecure transport in the bucket policy. It is recommended to update the policy to enforce secure transport (HTTPS).",
        "Region": "us-east-1",
        "ResourceID": "example-bucket-2",
        "ResourceARN": "arn:aws:s3:::example-bucket-2",
        "ResourceTags": []
      }
    ],
    "public_write_access": [
      {
        "Status": "PASS",
        "Details": "S3 Bucket example-bucket-1 does not allow public write access in the bucket policy.",
        "Region": "us-west-2",
        "ResourceID": "example-bucket-1",
        "ResourceARN": "arn:aws:s3:::example-bucket-1",
        "ResourceTags": []
      },
      {
        "Status": "FAIL",
        "Details": "S3 Bucket example-bucket-2 allows public write access in the bucket policy.",
        "Region": "us-east-1",
        "ResourceID": "example-bucket-2",
        "ResourceARN": "arn:aws:s3:::example-bucket-2",
        "ResourceTags": []
      }
    ]
  }
}
