{
    "daeun": {},
    "helloSDworld": {
        "AdministratorAccess": {
            "admin_access": [
                {
                    "Object_name": "cloud9",
                    "arn": "arn:aws:iam::533267160054:group/cloud9",
                    "tag": "N/A",
                    "region": "aws-global",
                    "policy_name": "AdministratorAccess",
                    "status": "PASS",
                    "status_extended": "Group cloud9 provides non-administrative access."
                }
            ],
            "avoid_root": [
                {
                    "Object_name": "N/A",
                    "arn": "N/A",
                    "tag": "N/A",
                    "region": "N/A",
                    "policy_name": "N/A",
                    "status": "ERROR",
                    "status_extended": "Error retrieving IAM credential report: An error occurred (ReportNotPresent) when calling the GetCredentialReport operation: Unknown"
                }
            ],
            "aws_attached": [],
            "check_saml": [
                {
                    "Object_name": "AWSSSO_37511dfd49d96a74_DO_NOT_DELETE",
                    "arn": "arn:aws:iam::533267160054:saml-provider/AWSSSO_37511dfd49d96a74_DO_NOT_DELETE",
                    "tag": "N/A",
                    "region": "aws-global",
                    "policy_name": "N/A",
                    "status": "PASS",
                    "status_extended": "SAML Provider AWSSSO_37511dfd49d96a74_DO_NOT_DELETE has been found."
                }
            ],
            "customer_attached": [],
            "customer_unattached": [],
            "inline_policy": [],
            "no_custom_policy": [],
            "no_expired_server": []
        },
        "IAMUserChangePassword": {
            "admin_access": [
                {
                    "Object_name": "cloud9",
                    "arn": "arn:aws:iam::533267160054:group/cloud9",
                    "tag": "N/A",
                    "region": "aws-global",
                    "policy_name": "AdministratorAccess",
                    "status": "PASS",
                    "status_extended": "Group cloud9 provides non-administrative access."
                }
            ],
            "avoid_root": [
                {
                    "Object_name": "N/A",
                    "arn": "N/A",
                    "tag": "N/A",
                    "region": "N/A",
                    "policy_name": "N/A",
                    "status": "ERROR",
                    "status_extended": "Error retrieving IAM credential report: An error occurred (ReportNotPresent) when calling the GetCredentialReport operation: Unknown"
                }
            ],
            "aws_attached": [],
            "check_saml": [
                {
                    "Object_name": "AWSSSO_37511dfd49d96a74_DO_NOT_DELETE",
                    "arn": "arn:aws:iam::533267160054:saml-provider/AWSSSO_37511dfd49d96a74_DO_NOT_DELETE",
                    "tag": "N/A",
                    "region": "aws-global",
                    "policy_name": "N/A",
                    "status": "PASS",
                    "status_extended": "SAML Provider AWSSSO_37511dfd49d96a74_DO_NOT_DELETE has been found."
                }
            ],
            "customer_attached": [],
            "customer_unattached": [],
            "inline_policy": [],
            "no_custom_policy": [],
            "no_expired_server": []
        }
    },
    "sanghun": {},
    "seungdae": {},
    "yunho": {
        "AdministratorAccess": {
            "admin_access": [
                {
                    "Object_name": "cloud9",
                    "arn": "arn:aws:iam::533267160054:group/cloud9",
                    "tag": "N/A",
                    "region": "aws-global",
                    "policy_name": "AdministratorAccess",
                    "status": "PASS",
                    "status_extended": "Group cloud9 provides non-administrative access."
                }
            ],
            "avoid_root": [
                {
                    "Object_name": "N/A",
                    "arn": "N/A",
                    "tag": "N/A",
                    "region": "N/A",
                    "policy_name": "N/A",
                    "status": "ERROR",
                    "status_extended": "Error retrieving IAM credential report: An error occurred (ReportNotPresent) when calling the GetCredentialReport operation: Unknown"
                }
            ],
            "aws_attached": [],
            "check_saml": [
                {
                    "Object_name": "AWSSSO_37511dfd49d96a74_DO_NOT_DELETE",
                    "arn": "arn:aws:iam::533267160054:saml-provider/AWSSSO_37511dfd49d96a74_DO_NOT_DELETE",
                    "tag": "N/A",
                    "region": "aws-global",
                    "policy_name": "N/A",
                    "status": "PASS",
                    "status_extended": "SAML Provider AWSSSO_37511dfd49d96a74_DO_NOT_DELETE has been found."
                }
            ],
            "customer_attached": [],
            "customer_unattached": [],
            "inline_policy": [],
            "no_custom_policy": [],
            "no_expired_server": []
        },
        "IAMUserChangePassword": {
            "admin_access": [
                {
                    "Object_name": "cloud9",
                    "arn": "arn:aws:iam::533267160054:group/cloud9",
                    "tag": "N/A",
                    "region": "aws-global",
                    "policy_name": "AdministratorAccess",
                    "status": "PASS",
                    "status_extended": "Group cloud9 provides non-administrative access."
                }
            ],
            "avoid_root": [
                {
                    "Object_name": "N/A",
                    "arn": "N/A",
                    "tag": "N/A",
                    "region": "N/A",
                    "policy_name": "N/A",
                    "status": "ERROR",
                    "status_extended": "Error retrieving IAM credential report: An error occurred (ReportNotPresent) when calling the GetCredentialReport operation: Unknown"
                }
            ],
            "aws_attached": [],
            "check_saml": [
                {
                    "Object_name": "AWSSSO_37511dfd49d96a74_DO_NOT_DELETE",
                    "arn": "arn:aws:iam::533267160054:saml-provider/AWSSSO_37511dfd49d96a74_DO_NOT_DELETE",
                    "tag": "N/A",
                    "region": "aws-global",
                    "policy_name": "N/A",
                    "status": "PASS",
                    "status_extended": "SAML Provider AWSSSO_37511dfd49d96a74_DO_NOT_DELETE has been found."
                }
            ],
            "customer_attached": [],
            "customer_unattached": [],
            "inline_policy": [],
            "no_custom_policy": [],
            "no_expired_server": []
        }
    }
}