[
    {
        "user_name": "helloSDworld",
        "policy_name": "AdministratorAccess",
        "check_name": "iam_administrator_access_with_mfa",
        "arn": "arn:aws:iam::533267160054:group/cloud9",
        "status": "PASS"
    },
    {
        "user_name": "helloSDworld",
        "policy_name": "AdministratorAccess",
        "check_name": "iam_avoid_root_usage",
        "arn": "arn:aws:iam::533267160054:root",
        "status": "PASS"
    },
    {
        "user_name": "helloSDworld",
        "policy_name": "AdministratorAccess",
        "check_name": "iam_aws_attached_policy_no_administrative_privileges",
        "arn": "N/A",
        "status": "INFO"
    },
    {
        "user_name": "helloSDworld",
        "policy_name": "AdministratorAccess",
        "check_name": "iam_check_saml_providers_sts",
        "arn": "arn:aws:iam::533267160054:saml-provider/AWSSSO_37511dfd49d96a74_DO_NOT_DELETE",
        "status": "PASS"
    },
    {
        "user_name": "helloSDworld",
        "policy_name": "AdministratorAccess",
        "check_name": "iam_customer_attached_policy_no_administrative_privileges",
        "arn": "N/A",
        "status": "INFO"
    },
    {
        "user_name": "helloSDworld",
        "policy_name": "AdministratorAccess",
        "check_name": "iam_customer_unattached_policy_no_administrative_privileges",
        "arn": "N/A",
        "status": "INFO"
    },
    {
        "user_name": "helloSDworld",
        "policy_name": "AdministratorAccess",
        "check_name": "iam_inline_policy_no_administrative_privileges",
        "arn": "N/A",
        "status": "INFO"
    },
    {
        "user_name": "helloSDworld",
        "policy_name": "AdministratorAccess",
        "check_name": "iam_no_custom_policy_permissive_role_assumption",
        "arn": "N/A",
        "status": "INFO"
    },
    {
        "user_name": "helloSDworld",
        "policy_name": "AdministratorAccess",
        "check_name": "iam_no_expired_server_certificates_stored",
        "arn": "N/A",
        "status": "INFO"
    },
    {
        "user_name": "helloSDworld",
        "policy_name": "AdministratorAccess",
        "check_name": "check_privilege_escalation",
        "arn": "arn:aws:iam::aws:policy/AdministratorAccess",
        "status": "FAIL"
    },
    {
        "user_name": "helloSDworld",
        "policy_name": "AdministratorAccess",
        "check_name": "check_privilege_escalation",
        "arn": "arn:aws:iam::aws:policy/SecurityAudit",
        "status": "PASS"
    },
    {
        "user_name": "helloSDworld",
        "policy_name": "AdministratorAccess",
        "check_name": "check_privilege_escalation",
        "arn": "arn:aws:iam::aws:policy/job-function/ViewOnlyAccess",
        "status": "PASS"
    },
    {
        "user_name": "helloSDworld",
        "policy_name": "AdministratorAccess",
        "check_name": "check_privilege_escalation",
        "arn": "arn:aws:iam::aws:policy/IAMUserChangePassword",
        "status": "PASS"
    },
    {
        "user_name": "helloSDworld",
        "policy_name": "AdministratorAccess",
        "check_name": "check_privilege_escalation",
        "arn": "arn:aws:iam::aws:policy/aws-service-role/AWSElasticLoadBalancingServiceRolePolicy",
        "status": "PASS"
    },
    {
        "user_name": "helloSDworld",
        "policy_name": "AdministratorAccess",
        "check_name": "check_privilege_escalation",
        "arn": "arn:aws:iam::aws:policy/aws-service-role/AWSOrganizationsServiceTrustPolicy",
        "status": "PASS"
    },
    {
        "user_name": "helloSDworld",
        "policy_name": "AdministratorAccess",
        "check_name": "check_privilege_escalation",
        "arn": "arn:aws:iam::aws:policy/aws-service-role/AmazonSSMServiceRolePolicy",
        "status": "FAIL"
    },
    {
        "user_name": "helloSDworld",
        "policy_name": "AdministratorAccess",
        "check_name": "check_privilege_escalation",
        "arn": "arn:aws:iam::aws:policy/aws-service-role/AWSCloud9ServiceRolePolicy",
        "status": "FAIL"
    },
    {
        "user_name": "helloSDworld",
        "policy_name": "AdministratorAccess",
        "check_name": "check_privilege_escalation",
        "arn": "arn:aws:iam::aws:policy/AWSCloud9User",
        "status": "PASS"
    },
    {
        "user_name": "helloSDworld",
        "policy_name": "AdministratorAccess",
        "check_name": "check_privilege_escalation",
        "arn": "arn:aws:iam::aws:policy/AWSCloud9Administrator",
        "status": "PASS"
    },
    {
        "user_name": "helloSDworld",
        "policy_name": "AdministratorAccess",
        "check_name": "check_privilege_escalation",
        "arn": "arn:aws:iam::aws:policy/AWSCloud9EnvironmentMember",
        "status": "PASS"
    },
    {
        "user_name": "helloSDworld",
        "policy_name": "AdministratorAccess",
        "check_name": "check_privilege_escalation",
        "arn": "arn:aws:iam::aws:policy/aws-service-role/AWSSSOServiceRolePolicy",
        "status": "FAIL"
    },
    {
        "user_name": "helloSDworld",
        "policy_name": "AdministratorAccess",
        "check_name": "check_privilege_escalation",
        "arn": "arn:aws:iam::aws:policy/aws-service-role/AWSTrustedAdvisorServiceRolePolicy",
        "status": "PASS"
    },
    {
        "user_name": "helloSDworld",
        "policy_name": "AdministratorAccess",
        "check_name": "check_privilege_escalation",
        "arn": "arn:aws:iam::aws:policy/aws-service-role/AWSSystemsManagerAccountDiscoveryServicePolicy",
        "status": "PASS"
    },
    {
        "user_name": "helloSDworld",
        "policy_name": "AdministratorAccess",
        "check_name": "check_privilege_escalation",
        "arn": "arn:aws:iam::aws:policy/aws-service-role/AccessAnalyzerServiceRolePolicy",
        "status": "PASS"
    },
    {
        "user_name": "helloSDworld",
        "policy_name": "AdministratorAccess",
        "check_name": "check_privilege_escalation",
        "arn": "arn:aws:iam::aws:policy/aws-service-role/CloudFormationStackSetsOrgAdminServiceRolePolicy",
        "status": "PASS"
    },
    {
        "user_name": "helloSDworld",
        "policy_name": "AdministratorAccess",
        "check_name": "check_privilege_escalation",
        "arn": "arn:aws:iam::aws:policy/AWSCloud9SSMInstanceProfile",
        "status": "PASS"
    },
    {
        "user_name": "helloSDworld",
        "policy_name": "AdministratorAccess",
        "check_name": "check_privilege_escalation",
        "arn": "arn:aws:iam::aws:policy/aws-service-role/AWSSupportServiceRolePolicy",
        "status": "PASS"
    },
    {
        "user_name": "helloSDworld",
        "policy_name": "AdministratorAccess",
        "check_name": "check_privilege_escalation",
        "arn": "arn:aws:iam::aws:policy/aws-service-role/AWSIPAMServiceRolePolicy",
        "status": "PASS"
    },
    {
        "user_name": "helloSDworld",
        "policy_name": "AdministratorAccess",
        "check_name": "get_users_with_policies",
        "arn": "arn:aws:iam::533267160054:user/daeun",
        "status": "PASS"
    },
    {
        "user_name": "helloSDworld",
        "policy_name": "AdministratorAccess",
        "check_name": "get_users_with_policies",
        "arn": "arn:aws:iam::533267160054:user/helloSDworld",
        "status": "FAIL"
    },
    {
        "user_name": "helloSDworld",
        "policy_name": "AdministratorAccess",
        "check_name": "get_users_with_policies",
        "arn": "arn:aws:iam::533267160054:user/helloSDworld",
        "status": "FAIL"
    },
    {
        "user_name": "helloSDworld",
        "policy_name": "AdministratorAccess",
        "check_name": "get_users_with_policies",
        "arn": "arn:aws:iam::533267160054:user/sanghun",
        "status": "PASS"
    },
    {
        "user_name": "helloSDworld",
        "policy_name": "AdministratorAccess",
        "check_name": "get_users_with_policies",
        "arn": "arn:aws:iam::533267160054:user/seungdae",
        "status": "FAIL"
    },
    {
        "user_name": "helloSDworld",
        "policy_name": "AdministratorAccess",
        "check_name": "get_users_with_policies",
        "arn": "arn:aws:iam::533267160054:user/yunho",
        "status": "FAIL"
    },
    {
        "user_name": "helloSDworld",
        "policy_name": "AdministratorAccess",
        "check_name": "get_users_with_policies",
        "arn": "arn:aws:iam::533267160054:user/yunho",
        "status": "FAIL"
    },
    {
        "user_name": "helloSDworld",
        "policy_name": "AdministratorAccess",
        "check_name": "check_policy_no_full_access_to_cloudtrail",
        "arn": null,
        "status": "PASS"
    },
    {
        "user_name": "helloSDworld",
        "policy_name": "AdministratorAccess",
        "check_name": "check_policy_no_full_access_to_kms",
        "arn": "arn:aws:iam::aws:policy/AWSKeyManagementServicePowerUser",
        "status": "FAIL"
    },
    {
        "user_name": "helloSDworld",
        "policy_name": "AdministratorAccess",
        "check_name": "check_iam_access_key_rotation",
        "arn": "arn:aws:iam::533267160054:user/<root_account>",
        "status": "PASS"
    },
    {
        "user_name": "helloSDworld",
        "policy_name": "AdministratorAccess",
        "check_name": "check_iam_access_key_rotation",
        "arn": "arn:aws:iam::533267160054:user/daeun",
        "status": "PASS"
    },
    {
        "user_name": "helloSDworld",
        "policy_name": "AdministratorAccess",
        "check_name": "check_iam_access_key_rotation",
        "arn": "arn:aws:iam::533267160054:user/helloSDworld",
        "status": "PASS"
    },
    {
        "user_name": "helloSDworld",
        "policy_name": "AdministratorAccess",
        "check_name": "check_iam_access_key_rotation",
        "arn": "arn:aws:iam::533267160054:user/sanghun",
        "status": "PASS"
    },
    {
        "user_name": "helloSDworld",
        "policy_name": "AdministratorAccess",
        "check_name": "check_iam_access_key_rotation",
        "arn": "arn:aws:iam::533267160054:user/seungdae",
        "status": "PASS"
    },
    {
        "user_name": "helloSDworld",
        "policy_name": "AdministratorAccess",
        "check_name": "check_iam_access_key_rotation",
        "arn": "arn:aws:iam::533267160054:user/yunho",
        "status": "PASS"
    },
    {
        "user_name": "helloSDworld",
        "policy_name": "AdministratorAccess",
        "check_name": "check_security_audit_role_created",
        "arn": "arn:aws:iam::aws:policy/SecurityAudit",
        "status": "PASS"
    },
    {
        "user_name": "helloSDworld",
        "policy_name": "AdministratorAccess",
        "check_name": "check_iam_support_role_created",
        "arn": "arn:aws:iam::aws:policy/aws-service-role/AWSSupportServiceRolePolicy",
        "status": "PASS"
    },
    {
        "user_name": "helloSDworld",
        "policy_name": "AdministratorAccess",
        "check_name": "check_unused_access_keys",
        "arn": "arn:aws:iam::533267160054:root",
        "status": "PASS"
    },
    {
        "user_name": "helloSDworld",
        "policy_name": "AdministratorAccess",
        "check_name": "check_unused_access_keys",
        "arn": "arn:aws:iam::533267160054:user/daeun",
        "status": "PASS"
    },
    {
        "user_name": "helloSDworld",
        "policy_name": "AdministratorAccess",
        "check_name": "check_unused_access_keys",
        "arn": "arn:aws:iam::533267160054:user/helloSDworld",
        "status": "PASS"
    },
    {
        "user_name": "helloSDworld",
        "policy_name": "AdministratorAccess",
        "check_name": "check_unused_access_keys",
        "arn": "arn:aws:iam::533267160054:user/sanghun",
        "status": "PASS"
    },
    {
        "user_name": "helloSDworld",
        "policy_name": "AdministratorAccess",
        "check_name": "check_unused_access_keys",
        "arn": "arn:aws:iam::533267160054:user/seungdae",
        "status": "PASS"
    },
    {
        "user_name": "helloSDworld",
        "policy_name": "AdministratorAccess",
        "check_name": "check_unused_access_keys",
        "arn": "arn:aws:iam::533267160054:user/yunho",
        "status": "PASS"
    },
    {
        "user_name": "helloSDworld",
        "policy_name": "AdministratorAccess",
        "check_name": "check_iam_user_console_access_unused",
        "arn": "arn:aws:iam::533267160054:user/daeun",
        "status": "PASS"
    },
    {
        "user_name": "helloSDworld",
        "policy_name": "AdministratorAccess",
        "check_name": "check_iam_user_console_access_unused",
        "arn": "arn:aws:iam::533267160054:user/helloSDworld",
        "status": "PASS"
    },
    {
        "user_name": "helloSDworld",
        "policy_name": "AdministratorAccess",
        "check_name": "check_iam_user_console_access_unused",
        "arn": "arn:aws:iam::533267160054:user/sanghun",
        "status": "PASS"
    },
    {
        "user_name": "helloSDworld",
        "policy_name": "AdministratorAccess",
        "check_name": "check_iam_user_console_access_unused",
        "arn": "arn:aws:iam::533267160054:user/seungdae",
        "status": "PASS"
    },
    {
        "user_name": "helloSDworld",
        "policy_name": "AdministratorAccess",
        "check_name": "check_iam_user_console_access_unused",
        "arn": "arn:aws:iam::533267160054:user/yunho",
        "status": "PASS"
    },
    {
        "user_name": "helloSDworld",
        "policy_name": "AdministratorAccess",
        "check_name": "check_iam_user_hardware_mfa_enabled",
        "arn": "arn:aws:iam::533267160054:user/daeun",
        "status": "FAIL"
    },
    {
        "user_name": "helloSDworld",
        "policy_name": "AdministratorAccess",
        "check_name": "check_iam_user_hardware_mfa_enabled",
        "arn": "arn:aws:iam::533267160054:user/helloSDworld",
        "status": "FAIL"
    },
    {
        "user_name": "helloSDworld",
        "policy_name": "AdministratorAccess",
        "check_name": "check_iam_user_hardware_mfa_enabled",
        "arn": "arn:aws:iam::533267160054:user/sanghun",
        "status": "FAIL"
    },
    {
        "user_name": "helloSDworld",
        "policy_name": "AdministratorAccess",
        "check_name": "check_iam_user_hardware_mfa_enabled",
        "arn": "arn:aws:iam::533267160054:user/seungdae",
        "status": "FAIL"
    },
    {
        "user_name": "helloSDworld",
        "policy_name": "AdministratorAccess",
        "check_name": "check_iam_user_hardware_mfa_enabled",
        "arn": "arn:aws:iam::533267160054:user/yunho",
        "status": "FAIL"
    },
    {
        "user_name": "helloSDworld",
        "policy_name": "AdministratorAccess",
        "check_name": "check_iam_user_mfa_enabled_console_access",
        "arn": "n/a",
        "status": "PASS"
    },
    {
        "user_name": "helloSDworld",
        "policy_name": "AdministratorAccess",
        "check_name": "check_iam_user_no_setup_initial_access_key",
        "arn": "arn:aws:iam::533267160054:root",
        "status": "PASS"
    },
    {
        "user_name": "helloSDworld",
        "policy_name": "AdministratorAccess",
        "check_name": "check_iam_user_no_setup_initial_access_key",
        "arn": "arn:aws:iam::533267160054:user/daeun",
        "status": "PASS"
    },
    {
        "user_name": "helloSDworld",
        "policy_name": "AdministratorAccess",
        "check_name": "check_iam_user_no_setup_initial_access_key",
        "arn": "arn:aws:iam::533267160054:user/helloSDworld",
        "status": "PASS"
    },
    {
        "user_name": "helloSDworld",
        "policy_name": "AdministratorAccess",
        "check_name": "check_iam_user_no_setup_initial_access_key",
        "arn": "arn:aws:iam::533267160054:user/sanghun",
        "status": "PASS"
    },
    {
        "user_name": "helloSDworld",
        "policy_name": "AdministratorAccess",
        "check_name": "check_iam_user_no_setup_initial_access_key",
        "arn": "arn:aws:iam::533267160054:user/seungdae",
        "status": "PASS"
    },
    {
        "user_name": "helloSDworld",
        "policy_name": "AdministratorAccess",
        "check_name": "check_iam_user_two_active_access_keys",
        "arn": "arn:aws:iam::533267160054:root",
        "status": "PASS"
    },
    {
        "user_name": "helloSDworld",
        "policy_name": "AdministratorAccess",
        "check_name": "check_iam_user_two_active_access_keys",
        "arn": "arn:aws:iam::533267160054:user/daeun",
        "status": "PASS"
    },
    {
        "user_name": "helloSDworld",
        "policy_name": "AdministratorAccess",
        "check_name": "check_iam_user_two_active_access_keys",
        "arn": "arn:aws:iam::533267160054:user/helloSDworld",
        "status": "PASS"
    },
    {
        "user_name": "helloSDworld",
        "policy_name": "AdministratorAccess",
        "check_name": "check_iam_user_two_active_access_keys",
        "arn": "arn:aws:iam::533267160054:user/sanghun",
        "status": "PASS"
    },
    {
        "user_name": "helloSDworld",
        "policy_name": "AdministratorAccess",
        "check_name": "check_iam_user_two_active_access_keys",
        "arn": "arn:aws:iam::533267160054:user/seungdae",
        "status": "PASS"
    },
    {
        "user_name": "helloSDworld",
        "policy_name": "AdministratorAccess",
        "check_name": "check_iam_user_with_temporary_credentials",
        "arn": "arn:aws:iam::533267160054:user/daeun",
        "status": "PASS"
    },
    {
        "user_name": "helloSDworld",
        "policy_name": "AdministratorAccess",
        "check_name": "check_iam_user_with_temporary_credentials",
        "arn": "arn:aws:iam::533267160054:user/helloSDworld",
        "status": "FAIL"
    },
    {
        "user_name": "helloSDworld",
        "policy_name": "AdministratorAccess",
        "check_name": "check_iam_user_with_temporary_credentials",
        "arn": "arn:aws:iam::533267160054:user/sanghun",
        "status": "PASS"
    },
    {
        "user_name": "helloSDworld",
        "policy_name": "AdministratorAccess",
        "check_name": "check_iam_user_with_temporary_credentials",
        "arn": "arn:aws:iam::533267160054:user/seungdae",
        "status": "FAIL"
    },
    {
        "user_name": "helloSDworld",
        "policy_name": "AdministratorAccess",
        "check_name": "check_iam_user_with_temporary_credentials",
        "arn": "arn:aws:iam::533267160054:user/yunho",
        "status": "FAIL"
    },
    {
        "user_name": "helloSDworld",
        "policy_name": "AdministratorAccess",
        "check_name": "check_no_root_access_key",
        "arn": "arn:aws:iam::533267160054:root",
        "status": "PASS"
    },
    {
        "user_name": "helloSDworld",
        "policy_name": "AdministratorAccess",
        "check_name": "check_no_root_access_key",
        "arn": "arn:aws:iam::533267160054:user/daeun",
        "status": "PASS"
    },
    {
        "user_name": "helloSDworld",
        "policy_name": "AdministratorAccess",
        "check_name": "check_no_root_access_key",
        "arn": "arn:aws:iam::533267160054:user/helloSDworld",
        "status": "FAIL"
    },
    {
        "user_name": "helloSDworld",
        "policy_name": "AdministratorAccess",
        "check_name": "check_no_root_access_key",
        "arn": "arn:aws:iam::533267160054:user/sanghun",
        "status": "PASS"
    },
    {
        "user_name": "helloSDworld",
        "policy_name": "AdministratorAccess",
        "check_name": "check_no_root_access_key",
        "arn": "arn:aws:iam::533267160054:user/seungdae",
        "status": "FAIL"
    },
    {
        "user_name": "helloSDworld",
        "policy_name": "AdministratorAccess",
        "check_name": "check_no_root_access_key",
        "arn": "arn:aws:iam::533267160054:user/yunho",
        "status": "FAIL"
    },
    {
        "user_name": "helloSDworld",
        "policy_name": "AdministratorAccess",
        "check_name": "check_password_policy",
        "arn": "N/A",
        "status": "PASS"
    },
    {
        "user_name": "helloSDworld",
        "policy_name": "AdministratorAccess",
        "check_name": "check_password_policy_expires_passwords_within_90_days_or_less_fixer",
        "arn": "arn:aws:iam::533267160054:user/daeun",
        "status": "PASS"
    },
    {
        "user_name": "helloSDworld",
        "policy_name": "AdministratorAccess",
        "check_name": "check_password_policy_expires_passwords_within_90_days_or_less_fixer",
        "arn": "arn:aws:iam::533267160054:user/helloSDworld",
        "status": "PASS"
    },
    {
        "user_name": "helloSDworld",
        "policy_name": "AdministratorAccess",
        "check_name": "check_password_policy_expires_passwords_within_90_days_or_less_fixer",
        "arn": "arn:aws:iam::533267160054:user/sanghun",
        "status": "PASS"
    },
    {
        "user_name": "helloSDworld",
        "policy_name": "AdministratorAccess",
        "check_name": "check_password_policy_expires_passwords_within_90_days_or_less_fixer",
        "arn": "arn:aws:iam::533267160054:user/seungdae",
        "status": "PASS"
    },
    {
        "user_name": "helloSDworld",
        "policy_name": "AdministratorAccess",
        "check_name": "check_password_policy_expires_passwords_within_90_days_or_less_fixer",
        "arn": "arn:aws:iam::533267160054:user/yunho",
        "status": "PASS"
    },
    {
        "user_name": "helloSDworld",
        "policy_name": "AdministratorAccess",
        "check_name": "check_password_policy_lowercase",
        "arn": "arn:aws:iam::533267160054:user/helloSDworld",
        "status": "PASS"
    },
    {
        "user_name": "helloSDworld",
        "policy_name": "AdministratorAccess",
        "check_name": "check_password_policy_lowercase_fixer",
        "arn": "arn:aws:iam::637423416030:user/daeun",
        "status": "PASS"
    },
    {
        "user_name": "helloSDworld",
        "policy_name": "AdministratorAccess",
        "check_name": "check_iam_password_policy_minimum_length_14",
        "arn": "arn:aws:iam::533267160054:user/helloSDworld",
        "status": "FAIL"
    },
    {
        "user_name": "helloSDworld",
        "policy_name": "AdministratorAccess",
        "check_name": "update_password_policy_minimum_length_14_fixer",
        "arn": "arn:aws:iam::123456789012:user/helloSDworld",
        "status": "PASS"
    },
    {
        "user_name": "helloSDworld",
        "policy_name": "AdministratorAccess",
        "check_name": "check_iam_password_policy",
        "arn": "N/A",
        "status": "PASS"
    },
    {
        "user_name": "helloSDworld",
        "policy_name": "AdministratorAccess",
        "check_name": "fixer_number_fixer",
        "arn": "arn:aws:iam::533267160054:user/helloSDworld",
        "status": "PASS"
    },
    {
        "user_name": "helloSDworld",
        "policy_name": "AdministratorAccess",
        "check_name": "check_password_policy_reuse",
        "arn": "N/A",
        "status": "PASS"
    },
    {
        "user_name": "helloSDworld",
        "policy_name": "AdministratorAccess",
        "check_name": "fixer_reuse_fixer",
        "arn": "arn:aws:iam::helloSDworld",
        "status": "PASS"
    },
    {
        "user_name": "helloSDworld",
        "policy_name": "AdministratorAccess",
        "check_name": "check_password_policy_symbol",
        "arn": "N/A",
        "status": "PASS"
    },
    {
        "user_name": "helloSDworld",
        "policy_name": "AdministratorAccess",
        "check_name": "fixer_symbol_fixer",
        "arn": "arn:aws:iam::test",
        "status": "PASS"
    },
    {
        "user_name": "helloSDworld",
        "policy_name": "AdministratorAccess",
        "check_name": "check_password_policy_uppercase",
        "arn": "N/A",
        "status": "PASS"
    },
    {
        "user_name": "helloSDworld",
        "policy_name": "AdministratorAccess",
        "check_name": "fixer_uppercase_fixer",
        "arn": "arn:aws:iam::533267160054:user/helloSDworld",
        "status": "PASS"
    },
    {
        "user_name": "helloSDworld",
        "policy_name": "IAMUserChangePassword",
        "check_name": "iam_administrator_access_with_mfa",
        "arn": "arn:aws:iam::533267160054:group/cloud9",
        "status": "PASS"
    },
    {
        "user_name": "helloSDworld",
        "policy_name": "IAMUserChangePassword",
        "check_name": "iam_avoid_root_usage",
        "arn": "arn:aws:iam::533267160054:root",
        "status": "PASS"
    },
    {
        "user_name": "helloSDworld",
        "policy_name": "IAMUserChangePassword",
        "check_name": "iam_aws_attached_policy_no_administrative_privileges",
        "arn": "N/A",
        "status": "INFO"
    },
    {
        "user_name": "helloSDworld",
        "policy_name": "IAMUserChangePassword",
        "check_name": "iam_check_saml_providers_sts",
        "arn": "arn:aws:iam::533267160054:saml-provider/AWSSSO_37511dfd49d96a74_DO_NOT_DELETE",
        "status": "PASS"
    },
    {
        "user_name": "helloSDworld",
        "policy_name": "IAMUserChangePassword",
        "check_name": "iam_customer_attached_policy_no_administrative_privileges",
        "arn": "N/A",
        "status": "INFO"
    },
    {
        "user_name": "helloSDworld",
        "policy_name": "IAMUserChangePassword",
        "check_name": "iam_customer_unattached_policy_no_administrative_privileges",
        "arn": "N/A",
        "status": "INFO"
    },
    {
        "user_name": "helloSDworld",
        "policy_name": "IAMUserChangePassword",
        "check_name": "iam_inline_policy_no_administrative_privileges",
        "arn": "N/A",
        "status": "INFO"
    },
    {
        "user_name": "helloSDworld",
        "policy_name": "IAMUserChangePassword",
        "check_name": "iam_no_custom_policy_permissive_role_assumption",
        "arn": "N/A",
        "status": "INFO"
    },
    {
        "user_name": "helloSDworld",
        "policy_name": "IAMUserChangePassword",
        "check_name": "iam_no_expired_server_certificates_stored",
        "arn": "N/A",
        "status": "INFO"
    },
    {
        "user_name": "helloSDworld",
        "policy_name": "IAMUserChangePassword",
        "check_name": "check_privilege_escalation",
        "arn": "arn:aws:iam::aws:policy/AdministratorAccess",
        "status": "FAIL"
    },
    {
        "user_name": "helloSDworld",
        "policy_name": "IAMUserChangePassword",
        "check_name": "check_privilege_escalation",
        "arn": "arn:aws:iam::aws:policy/SecurityAudit",
        "status": "PASS"
    },
    {
        "user_name": "helloSDworld",
        "policy_name": "IAMUserChangePassword",
        "check_name": "check_privilege_escalation",
        "arn": "arn:aws:iam::aws:policy/job-function/ViewOnlyAccess",
        "status": "PASS"
    },
    {
        "user_name": "helloSDworld",
        "policy_name": "IAMUserChangePassword",
        "check_name": "check_privilege_escalation",
        "arn": "arn:aws:iam::aws:policy/IAMUserChangePassword",
        "status": "PASS"
    },
    {
        "user_name": "helloSDworld",
        "policy_name": "IAMUserChangePassword",
        "check_name": "check_privilege_escalation",
        "arn": "arn:aws:iam::aws:policy/aws-service-role/AWSElasticLoadBalancingServiceRolePolicy",
        "status": "PASS"
    },
    {
        "user_name": "helloSDworld",
        "policy_name": "IAMUserChangePassword",
        "check_name": "check_privilege_escalation",
        "arn": "arn:aws:iam::aws:policy/aws-service-role/AWSOrganizationsServiceTrustPolicy",
        "status": "PASS"
    },
    {
        "user_name": "helloSDworld",
        "policy_name": "IAMUserChangePassword",
        "check_name": "check_privilege_escalation",
        "arn": "arn:aws:iam::aws:policy/aws-service-role/AmazonSSMServiceRolePolicy",
        "status": "FAIL"
    },
    {
        "user_name": "helloSDworld",
        "policy_name": "IAMUserChangePassword",
        "check_name": "check_privilege_escalation",
        "arn": "arn:aws:iam::aws:policy/aws-service-role/AWSCloud9ServiceRolePolicy",
        "status": "FAIL"
    },
    {
        "user_name": "helloSDworld",
        "policy_name": "IAMUserChangePassword",
        "check_name": "check_privilege_escalation",
        "arn": "arn:aws:iam::aws:policy/AWSCloud9User",
        "status": "PASS"
    },
    {
        "user_name": "helloSDworld",
        "policy_name": "IAMUserChangePassword",
        "check_name": "check_privilege_escalation",
        "arn": "arn:aws:iam::aws:policy/AWSCloud9Administrator",
        "status": "PASS"
    },
    {
        "user_name": "helloSDworld",
        "policy_name": "IAMUserChangePassword",
        "check_name": "check_privilege_escalation",
        "arn": "arn:aws:iam::aws:policy/AWSCloud9EnvironmentMember",
        "status": "PASS"
    },
    {
        "user_name": "helloSDworld",
        "policy_name": "IAMUserChangePassword",
        "check_name": "check_privilege_escalation",
        "arn": "arn:aws:iam::aws:policy/aws-service-role/AWSSSOServiceRolePolicy",
        "status": "FAIL"
    },
    {
        "user_name": "helloSDworld",
        "policy_name": "IAMUserChangePassword",
        "check_name": "check_privilege_escalation",
        "arn": "arn:aws:iam::aws:policy/aws-service-role/AWSTrustedAdvisorServiceRolePolicy",
        "status": "PASS"
    },
    {
        "user_name": "helloSDworld",
        "policy_name": "IAMUserChangePassword",
        "check_name": "check_privilege_escalation",
        "arn": "arn:aws:iam::aws:policy/aws-service-role/AWSSystemsManagerAccountDiscoveryServicePolicy",
        "status": "PASS"
    },
    {
        "user_name": "helloSDworld",
        "policy_name": "IAMUserChangePassword",
        "check_name": "check_privilege_escalation",
        "arn": "arn:aws:iam::aws:policy/aws-service-role/AccessAnalyzerServiceRolePolicy",
        "status": "PASS"
    },
    {
        "user_name": "helloSDworld",
        "policy_name": "IAMUserChangePassword",
        "check_name": "check_privilege_escalation",
        "arn": "arn:aws:iam::aws:policy/aws-service-role/CloudFormationStackSetsOrgAdminServiceRolePolicy",
        "status": "PASS"
    },
    {
        "user_name": "helloSDworld",
        "policy_name": "IAMUserChangePassword",
        "check_name": "check_privilege_escalation",
        "arn": "arn:aws:iam::aws:policy/AWSCloud9SSMInstanceProfile",
        "status": "PASS"
    },
    {
        "user_name": "helloSDworld",
        "policy_name": "IAMUserChangePassword",
        "check_name": "check_privilege_escalation",
        "arn": "arn:aws:iam::aws:policy/aws-service-role/AWSSupportServiceRolePolicy",
        "status": "PASS"
    },
    {
        "user_name": "helloSDworld",
        "policy_name": "IAMUserChangePassword",
        "check_name": "check_privilege_escalation",
        "arn": "arn:aws:iam::aws:policy/aws-service-role/AWSIPAMServiceRolePolicy",
        "status": "PASS"
    },
    {
        "user_name": "helloSDworld",
        "policy_name": "IAMUserChangePassword",
        "check_name": "get_users_with_policies",
        "arn": "arn:aws:iam::533267160054:user/daeun",
        "status": "PASS"
    },
    {
        "user_name": "helloSDworld",
        "policy_name": "IAMUserChangePassword",
        "check_name": "get_users_with_policies",
        "arn": "arn:aws:iam::533267160054:user/helloSDworld",
        "status": "FAIL"
    },
    {
        "user_name": "helloSDworld",
        "policy_name": "IAMUserChangePassword",
        "check_name": "get_users_with_policies",
        "arn": "arn:aws:iam::533267160054:user/helloSDworld",
        "status": "FAIL"
    },
    {
        "user_name": "helloSDworld",
        "policy_name": "IAMUserChangePassword",
        "check_name": "get_users_with_policies",
        "arn": "arn:aws:iam::533267160054:user/sanghun",
        "status": "PASS"
    },
    {
        "user_name": "helloSDworld",
        "policy_name": "IAMUserChangePassword",
        "check_name": "get_users_with_policies",
        "arn": "arn:aws:iam::533267160054:user/seungdae",
        "status": "FAIL"
    },
    {
        "user_name": "helloSDworld",
        "policy_name": "IAMUserChangePassword",
        "check_name": "get_users_with_policies",
        "arn": "arn:aws:iam::533267160054:user/yunho",
        "status": "FAIL"
    },
    {
        "user_name": "helloSDworld",
        "policy_name": "IAMUserChangePassword",
        "check_name": "get_users_with_policies",
        "arn": "arn:aws:iam::533267160054:user/yunho",
        "status": "FAIL"
    },
    {
        "user_name": "helloSDworld",
        "policy_name": "IAMUserChangePassword",
        "check_name": "check_policy_no_full_access_to_cloudtrail",
        "arn": null,
        "status": "PASS"
    },
    {
        "user_name": "helloSDworld",
        "policy_name": "IAMUserChangePassword",
        "check_name": "check_policy_no_full_access_to_kms",
        "arn": "arn:aws:iam::aws:policy/AWSKeyManagementServicePowerUser",
        "status": "FAIL"
    },
    {
        "user_name": "helloSDworld",
        "policy_name": "IAMUserChangePassword",
        "check_name": "check_iam_access_key_rotation",
        "arn": "arn:aws:iam::533267160054:user/<root_account>",
        "status": "PASS"
    },
    {
        "user_name": "helloSDworld",
        "policy_name": "IAMUserChangePassword",
        "check_name": "check_iam_access_key_rotation",
        "arn": "arn:aws:iam::533267160054:user/daeun",
        "status": "PASS"
    },
    {
        "user_name": "helloSDworld",
        "policy_name": "IAMUserChangePassword",
        "check_name": "check_iam_access_key_rotation",
        "arn": "arn:aws:iam::533267160054:user/helloSDworld",
        "status": "PASS"
    },
    {
        "user_name": "helloSDworld",
        "policy_name": "IAMUserChangePassword",
        "check_name": "check_iam_access_key_rotation",
        "arn": "arn:aws:iam::533267160054:user/sanghun",
        "status": "PASS"
    },
    {
        "user_name": "helloSDworld",
        "policy_name": "IAMUserChangePassword",
        "check_name": "check_iam_access_key_rotation",
        "arn": "arn:aws:iam::533267160054:user/seungdae",
        "status": "PASS"
    },
    {
        "user_name": "helloSDworld",
        "policy_name": "IAMUserChangePassword",
        "check_name": "check_iam_access_key_rotation",
        "arn": "arn:aws:iam::533267160054:user/yunho",
        "status": "PASS"
    },
    {
        "user_name": "helloSDworld",
        "policy_name": "IAMUserChangePassword",
        "check_name": "check_security_audit_role_created",
        "arn": "arn:aws:iam::aws:policy/SecurityAudit",
        "status": "PASS"
    },
    {
        "user_name": "helloSDworld",
        "policy_name": "IAMUserChangePassword",
        "check_name": "check_iam_support_role_created",
        "arn": "arn:aws:iam::aws:policy/aws-service-role/AWSSupportServiceRolePolicy",
        "status": "PASS"
    },
    {
        "user_name": "helloSDworld",
        "policy_name": "IAMUserChangePassword",
        "check_name": "check_unused_access_keys",
        "arn": "arn:aws:iam::533267160054:root",
        "status": "PASS"
    },
    {
        "user_name": "helloSDworld",
        "policy_name": "IAMUserChangePassword",
        "check_name": "check_unused_access_keys",
        "arn": "arn:aws:iam::533267160054:user/daeun",
        "status": "PASS"
    },
    {
        "user_name": "helloSDworld",
        "policy_name": "IAMUserChangePassword",
        "check_name": "check_unused_access_keys",
        "arn": "arn:aws:iam::533267160054:user/helloSDworld",
        "status": "PASS"
    },
    {
        "user_name": "helloSDworld",
        "policy_name": "IAMUserChangePassword",
        "check_name": "check_unused_access_keys",
        "arn": "arn:aws:iam::533267160054:user/sanghun",
        "status": "PASS"
    },
    {
        "user_name": "helloSDworld",
        "policy_name": "IAMUserChangePassword",
        "check_name": "check_unused_access_keys",
        "arn": "arn:aws:iam::533267160054:user/seungdae",
        "status": "PASS"
    },
    {
        "user_name": "helloSDworld",
        "policy_name": "IAMUserChangePassword",
        "check_name": "check_unused_access_keys",
        "arn": "arn:aws:iam::533267160054:user/yunho",
        "status": "PASS"
    },
    {
        "user_name": "helloSDworld",
        "policy_name": "IAMUserChangePassword",
        "check_name": "check_iam_user_console_access_unused",
        "arn": "arn:aws:iam::533267160054:user/daeun",
        "status": "PASS"
    },
    {
        "user_name": "helloSDworld",
        "policy_name": "IAMUserChangePassword",
        "check_name": "check_iam_user_console_access_unused",
        "arn": "arn:aws:iam::533267160054:user/helloSDworld",
        "status": "PASS"
    },
    {
        "user_name": "helloSDworld",
        "policy_name": "IAMUserChangePassword",
        "check_name": "check_iam_user_console_access_unused",
        "arn": "arn:aws:iam::533267160054:user/sanghun",
        "status": "PASS"
    },
    {
        "user_name": "helloSDworld",
        "policy_name": "IAMUserChangePassword",
        "check_name": "check_iam_user_console_access_unused",
        "arn": "arn:aws:iam::533267160054:user/seungdae",
        "status": "PASS"
    },
    {
        "user_name": "helloSDworld",
        "policy_name": "IAMUserChangePassword",
        "check_name": "check_iam_user_console_access_unused",
        "arn": "arn:aws:iam::533267160054:user/yunho",
        "status": "PASS"
    },
    {
        "user_name": "helloSDworld",
        "policy_name": "IAMUserChangePassword",
        "check_name": "check_iam_user_hardware_mfa_enabled",
        "arn": "arn:aws:iam::533267160054:user/daeun",
        "status": "FAIL"
    },
    {
        "user_name": "helloSDworld",
        "policy_name": "IAMUserChangePassword",
        "check_name": "check_iam_user_hardware_mfa_enabled",
        "arn": "arn:aws:iam::533267160054:user/helloSDworld",
        "status": "FAIL"
    },
    {
        "user_name": "helloSDworld",
        "policy_name": "IAMUserChangePassword",
        "check_name": "check_iam_user_hardware_mfa_enabled",
        "arn": "arn:aws:iam::533267160054:user/sanghun",
        "status": "FAIL"
    },
    {
        "user_name": "helloSDworld",
        "policy_name": "IAMUserChangePassword",
        "check_name": "check_iam_user_hardware_mfa_enabled",
        "arn": "arn:aws:iam::533267160054:user/seungdae",
        "status": "FAIL"
    },
    {
        "user_name": "helloSDworld",
        "policy_name": "IAMUserChangePassword",
        "check_name": "check_iam_user_hardware_mfa_enabled",
        "arn": "arn:aws:iam::533267160054:user/yunho",
        "status": "FAIL"
    },
    {
        "user_name": "helloSDworld",
        "policy_name": "IAMUserChangePassword",
        "check_name": "check_iam_user_mfa_enabled_console_access",
        "arn": "n/a",
        "status": "PASS"
    },
    {
        "user_name": "helloSDworld",
        "policy_name": "IAMUserChangePassword",
        "check_name": "check_iam_user_no_setup_initial_access_key",
        "arn": "arn:aws:iam::533267160054:root",
        "status": "PASS"
    },
    {
        "user_name": "helloSDworld",
        "policy_name": "IAMUserChangePassword",
        "check_name": "check_iam_user_no_setup_initial_access_key",
        "arn": "arn:aws:iam::533267160054:user/daeun",
        "status": "PASS"
    },
    {
        "user_name": "helloSDworld",
        "policy_name": "IAMUserChangePassword",
        "check_name": "check_iam_user_no_setup_initial_access_key",
        "arn": "arn:aws:iam::533267160054:user/helloSDworld",
        "status": "PASS"
    },
    {
        "user_name": "helloSDworld",
        "policy_name": "IAMUserChangePassword",
        "check_name": "check_iam_user_no_setup_initial_access_key",
        "arn": "arn:aws:iam::533267160054:user/sanghun",
        "status": "PASS"
    },
    {
        "user_name": "helloSDworld",
        "policy_name": "IAMUserChangePassword",
        "check_name": "check_iam_user_no_setup_initial_access_key",
        "arn": "arn:aws:iam::533267160054:user/seungdae",
        "status": "PASS"
    },
    {
        "user_name": "helloSDworld",
        "policy_name": "IAMUserChangePassword",
        "check_name": "check_iam_user_two_active_access_keys",
        "arn": "arn:aws:iam::533267160054:root",
        "status": "PASS"
    },
    {
        "user_name": "helloSDworld",
        "policy_name": "IAMUserChangePassword",
        "check_name": "check_iam_user_two_active_access_keys",
        "arn": "arn:aws:iam::533267160054:user/daeun",
        "status": "PASS"
    },
    {
        "user_name": "helloSDworld",
        "policy_name": "IAMUserChangePassword",
        "check_name": "check_iam_user_two_active_access_keys",
        "arn": "arn:aws:iam::533267160054:user/helloSDworld",
        "status": "PASS"
    },
    {
        "user_name": "helloSDworld",
        "policy_name": "IAMUserChangePassword",
        "check_name": "check_iam_user_two_active_access_keys",
        "arn": "arn:aws:iam::533267160054:user/sanghun",
        "status": "PASS"
    },
    {
        "user_name": "helloSDworld",
        "policy_name": "IAMUserChangePassword",
        "check_name": "check_iam_user_two_active_access_keys",
        "arn": "arn:aws:iam::533267160054:user/seungdae",
        "status": "PASS"
    },
    {
        "user_name": "helloSDworld",
        "policy_name": "IAMUserChangePassword",
        "check_name": "check_iam_user_with_temporary_credentials",
        "arn": "arn:aws:iam::533267160054:user/daeun",
        "status": "PASS"
    },
    {
        "user_name": "helloSDworld",
        "policy_name": "IAMUserChangePassword",
        "check_name": "check_iam_user_with_temporary_credentials",
        "arn": "arn:aws:iam::533267160054:user/helloSDworld",
        "status": "FAIL"
    },
    {
        "user_name": "helloSDworld",
        "policy_name": "IAMUserChangePassword",
        "check_name": "check_iam_user_with_temporary_credentials",
        "arn": "arn:aws:iam::533267160054:user/sanghun",
        "status": "PASS"
    },
    {
        "user_name": "helloSDworld",
        "policy_name": "IAMUserChangePassword",
        "check_name": "check_iam_user_with_temporary_credentials",
        "arn": "arn:aws:iam::533267160054:user/seungdae",
        "status": "FAIL"
    },
    {
        "user_name": "helloSDworld",
        "policy_name": "IAMUserChangePassword",
        "check_name": "check_iam_user_with_temporary_credentials",
        "arn": "arn:aws:iam::533267160054:user/yunho",
        "status": "FAIL"
    },
    {
        "user_name": "helloSDworld",
        "policy_name": "IAMUserChangePassword",
        "check_name": "check_no_root_access_key",
        "arn": "arn:aws:iam::533267160054:root",
        "status": "PASS"
    },
    {
        "user_name": "helloSDworld",
        "policy_name": "IAMUserChangePassword",
        "check_name": "check_no_root_access_key",
        "arn": "arn:aws:iam::533267160054:user/daeun",
        "status": "PASS"
    },
    {
        "user_name": "helloSDworld",
        "policy_name": "IAMUserChangePassword",
        "check_name": "check_no_root_access_key",
        "arn": "arn:aws:iam::533267160054:user/helloSDworld",
        "status": "FAIL"
    },
    {
        "user_name": "helloSDworld",
        "policy_name": "IAMUserChangePassword",
        "check_name": "check_no_root_access_key",
        "arn": "arn:aws:iam::533267160054:user/sanghun",
        "status": "PASS"
    },
    {
        "user_name": "helloSDworld",
        "policy_name": "IAMUserChangePassword",
        "check_name": "check_no_root_access_key",
        "arn": "arn:aws:iam::533267160054:user/seungdae",
        "status": "FAIL"
    },
    {
        "user_name": "helloSDworld",
        "policy_name": "IAMUserChangePassword",
        "check_name": "check_no_root_access_key",
        "arn": "arn:aws:iam::533267160054:user/yunho",
        "status": "FAIL"
    },
    {
        "user_name": "helloSDworld",
        "policy_name": "IAMUserChangePassword",
        "check_name": "check_password_policy",
        "arn": "N/A",
        "status": "PASS"
    },
    {
        "user_name": "helloSDworld",
        "policy_name": "IAMUserChangePassword",
        "check_name": "check_password_policy_expires_passwords_within_90_days_or_less_fixer",
        "arn": "arn:aws:iam::533267160054:user/daeun",
        "status": "PASS"
    },
    {
        "user_name": "helloSDworld",
        "policy_name": "IAMUserChangePassword",
        "check_name": "check_password_policy_expires_passwords_within_90_days_or_less_fixer",
        "arn": "arn:aws:iam::533267160054:user/helloSDworld",
        "status": "PASS"
    },
    {
        "user_name": "helloSDworld",
        "policy_name": "IAMUserChangePassword",
        "check_name": "check_password_policy_expires_passwords_within_90_days_or_less_fixer",
        "arn": "arn:aws:iam::533267160054:user/sanghun",
        "status": "PASS"
    },
    {
        "user_name": "helloSDworld",
        "policy_name": "IAMUserChangePassword",
        "check_name": "check_password_policy_expires_passwords_within_90_days_or_less_fixer",
        "arn": "arn:aws:iam::533267160054:user/seungdae",
        "status": "PASS"
    },
    {
        "user_name": "helloSDworld",
        "policy_name": "IAMUserChangePassword",
        "check_name": "check_password_policy_expires_passwords_within_90_days_or_less_fixer",
        "arn": "arn:aws:iam::533267160054:user/yunho",
        "status": "PASS"
    },
    {
        "user_name": "helloSDworld",
        "policy_name": "IAMUserChangePassword",
        "check_name": "check_password_policy_lowercase",
        "arn": "arn:aws:iam::533267160054:user/helloSDworld",
        "status": "PASS"
    },
    {
        "user_name": "helloSDworld",
        "policy_name": "IAMUserChangePassword",
        "check_name": "check_password_policy_lowercase_fixer",
        "arn": "arn:aws:iam::637423416030:user/daeun",
        "status": "PASS"
    },
    {
        "user_name": "helloSDworld",
        "policy_name": "IAMUserChangePassword",
        "check_name": "check_iam_password_policy_minimum_length_14",
        "arn": "arn:aws:iam::533267160054:user/helloSDworld",
        "status": "FAIL"
    },
    {
        "user_name": "helloSDworld",
        "policy_name": "IAMUserChangePassword",
        "check_name": "update_password_policy_minimum_length_14_fixer",
        "arn": "arn:aws:iam::123456789012:user/helloSDworld",
        "status": "PASS"
    },
    {
        "user_name": "helloSDworld",
        "policy_name": "IAMUserChangePassword",
        "check_name": "check_iam_password_policy",
        "arn": "N/A",
        "status": "PASS"
    },
    {
        "user_name": "helloSDworld",
        "policy_name": "IAMUserChangePassword",
        "check_name": "fixer_number_fixer",
        "arn": "arn:aws:iam::533267160054:user/helloSDworld",
        "status": "PASS"
    },
    {
        "user_name": "helloSDworld",
        "policy_name": "IAMUserChangePassword",
        "check_name": "check_password_policy_reuse",
        "arn": "N/A",
        "status": "PASS"
    },
    {
        "user_name": "helloSDworld",
        "policy_name": "IAMUserChangePassword",
        "check_name": "fixer_reuse_fixer",
        "arn": "arn:aws:iam::helloSDworld",
        "status": "PASS"
    },
    {
        "user_name": "helloSDworld",
        "policy_name": "IAMUserChangePassword",
        "check_name": "check_password_policy_symbol",
        "arn": "N/A",
        "status": "PASS"
    },
    {
        "user_name": "helloSDworld",
        "policy_name": "IAMUserChangePassword",
        "check_name": "fixer_symbol_fixer",
        "arn": "arn:aws:iam::test",
        "status": "PASS"
    },
    {
        "user_name": "helloSDworld",
        "policy_name": "IAMUserChangePassword",
        "check_name": "check_password_policy_uppercase",
        "arn": "N/A",
        "status": "PASS"
    },
    {
        "user_name": "helloSDworld",
        "policy_name": "IAMUserChangePassword",
        "check_name": "fixer_uppercase_fixer",
        "arn": "arn:aws:iam::533267160054:user/helloSDworld",
        "status": "PASS"
    }
]