[
    {
        "bucket_name": "cf-templates-1hjr3i5u5zgrq-ap-northeast-2",
        "check_name": "check_s3_bucket_default_encryption",
        "arn": "arn:aws:s3:::cf-templates-1hjr3i5u5zgrq-ap-northeast-2",
        "status": "PASS"
    },
    {
        "bucket_name": "cf-templates-1hjr3i5u5zgrq-ap-northeast-2",
        "check_name": "check_s3_bucket_default_encryption",
        "arn": "arn:aws:s3:::newpoc-s3bucket-xmanesdq4kkj",
        "status": "PASS"
    },
    {
        "bucket_name": "cf-templates-1hjr3i5u5zgrq-ap-northeast-2",
        "check_name": "check_s3_bucket_no_mfa_delete",
        "arn": "arn:aws:s3:::cf-templates-1hjr3i5u5zgrq-ap-northeast-2",
        "status": "FAIL"
    },
    {
        "bucket_name": "cf-templates-1hjr3i5u5zgrq-ap-northeast-2",
        "check_name": "check_s3_bucket_no_mfa_delete",
        "arn": "arn:aws:s3:::newpoc-s3bucket-xmanesdq4kkj",
        "status": "FAIL"
    },
    {
        "bucket_name": "cf-templates-1hjr3i5u5zgrq-ap-northeast-2",
        "check_name": "check_s3_bucket_object_lock",
        "arn": "arn:aws:s3:::cf-templates-1hjr3i5u5zgrq-ap-northeast-2",
        "status": "ERROR"
    },
    {
        "bucket_name": "cf-templates-1hjr3i5u5zgrq-ap-northeast-2",
        "check_name": "check_s3_bucket_object_lock",
        "arn": "arn:aws:s3:::newpoc-s3bucket-xmanesdq4kkj",
        "status": "ERROR"
    },
    {
        "bucket_name": "cf-templates-1hjr3i5u5zgrq-ap-northeast-2",
        "check_name": "check_s3_bucket_policy_public_write_access",
        "arn": "arn:aws:s3:::cf-templates-1hjr3i5u5zgrq-ap-northeast-2",
        "status": "ERROR"
    },
    {
        "bucket_name": "cf-templates-1hjr3i5u5zgrq-ap-northeast-2",
        "check_name": "check_s3_bucket_public_access",
        "arn": "arn:aws:s3:::cf-templates-1hjr3i5u5zgrq-ap-northeast-2",
        "status": "ERROR"
    },
    {
        "bucket_name": "cf-templates-1hjr3i5u5zgrq-ap-northeast-2",
        "check_name": "check_s3_bucket_public_access",
        "arn": "arn:aws:s3:::newpoc-s3bucket-xmanesdq4kkj",
        "status": "PASS"
    },
    {
        "bucket_name": "cf-templates-1hjr3i5u5zgrq-ap-northeast-2",
        "check_name": "check_s3_bucket_secure_transport_policy",
        "arn": "arn:aws:s3:::cf-templates-1hjr3i5u5zgrq-ap-northeast-2",
        "status": "ERROR"
    },
    {
        "bucket_name": "cf-templates-1hjr3i5u5zgrq-ap-northeast-2",
        "check_name": "check_s3_bucket_secure_transport_policy",
        "arn": "arn:aws:s3:::newpoc-s3bucket-xmanesdq4kkj",
        "status": "FAIL"
    }
]