[
  {
    "CheckName": "S3 Bucket Encryption",
    "Findings": [
      {
        "resource_id": "cf-templates-1hjr3i5u5zgrq-ap-northeast-2",
        "resource_arn": "arn:aws:s3:::cf-templates-1hjr3i5u5zgrq-ap-northeast-2",
        "status": "PASS",
        "status_extended": "S3 Bucket cf-templates-1hjr3i5u5zgrq-ap-northeast-2 has Server Side Encryption with AES256."
      },
      {
        "resource_id": "newpoc-s3bucket-xmanesdq4kkj",
        "resource_arn": "arn:aws:s3:::newpoc-s3bucket-xmanesdq4kkj",
        "status": "PASS",
        "status_extended": "S3 Bucket newpoc-s3bucket-xmanesdq4kkj has Server Side Encryption with AES256."
      }
    ]
  },
  {
    "CheckName": "S3 Bucket Public Access",
    "Findings": [
      {
        "resource_id": "cf-templates-1hjr3i5u5zgrq-ap-northeast-2",
        "resource_arn": "arn:aws:s3:::cf-templates-1hjr3i5u5zgrq-ap-northeast-2",
        "status": "ERROR",
        "status_extended": "An error occurred (NoSuchBucketPolicy) when calling the GetBucketPolicy operation: The bucket policy does not exist"
      },
      {
        "resource_id": "newpoc-s3bucket-xmanesdq4kkj",
        "resource_arn": "arn:aws:s3:::newpoc-s3bucket-xmanesdq4kkj",
        "status": "PASS",
        "status_extended": "S3 Bucket newpoc-s3bucket-xmanesdq4kkj is not public."
      }
    ]
  },
  {
    "CheckName": "S3 Bucket Object Lock",
    "Findings": [
      {
        "resource_id": "cf-templates-1hjr3i5u5zgrq-ap-northeast-2",
        "resource_arn": "arn:aws:s3:::cf-templates-1hjr3i5u5zgrq-ap-northeast-2",
        "status": "ERROR",
        "status_extended": "'S3' object has no attribute 'get_bucket_object_lock_configuration'"
      },
      {
        "resource_id": "newpoc-s3bucket-xmanesdq4kkj",
        "resource_arn": "arn:aws:s3:::newpoc-s3bucket-xmanesdq4kkj",
        "status": "ERROR",
        "status_extended": "'S3' object has no attribute 'get_bucket_object_lock_configuration'"
      }
    ]
  },
  {
    "CheckName": "S3 Bucket Secure Transport Policy",
    "Findings": [
      {
        "resource_id": "cf-templates-1hjr3i5u5zgrq-ap-northeast-2",
        "resource_arn": "arn:aws:s3:::cf-templates-1hjr3i5u5zgrq-ap-northeast-2",
        "status": "ERROR",
        "status_extended": "An error occurred (NoSuchBucketPolicy) when calling the GetBucketPolicy operation: The bucket policy does not exist"
      },
      {
        "resource_id": "newpoc-s3bucket-xmanesdq4kkj",
        "resource_arn": "arn:aws:s3:::newpoc-s3bucket-xmanesdq4kkj",
        "status": "ERROR",
        "status_extended": "'str' object has no attribute 'get'"
      }
    ]
  },
  {
    "CheckName": "S3 Bucket Public Write Access",
    "Findings": [
      {
        "resource_id": "cf-templates-1hjr3i5u5zgrq-ap-northeast-2",
        "resource_arn": "arn:aws:s3:::cf-templates-1hjr3i5u5zgrq-ap-northeast-2",
        "status": "ERROR",
        "status_extended": "An error occurred (NoSuchBucketPolicy) when calling the GetBucketPolicy operation: The bucket policy does not exist"
      },
      {
        "resource_id": "newpoc-s3bucket-xmanesdq4kkj",
        "resource_arn": "arn:aws:s3:::newpoc-s3bucket-xmanesdq4kkj",
        "status": "ERROR",
        "status_extended": "'str' object has no attribute 'get'"
      }
    ]
  },
  {
    "CheckName": "S3 Bucket MFA Delete",
    "Findings": [
      {
        "resource_id": "cf-templates-1hjr3i5u5zgrq-ap-northeast-2",
        "resource_arn": "arn:aws:s3:::cf-templates-1hjr3i5u5zgrq-ap-northeast-2",
        "status": "FAIL",
        "status_extended": "S3 Bucket cf-templates-1hjr3i5u5zgrq-ap-northeast-2 has MFA Delete disabled."
      },
      {
        "resource_id": "newpoc-s3bucket-xmanesdq4kkj",
        "resource_arn": "arn:aws:s3:::newpoc-s3bucket-xmanesdq4kkj",
        "status": "FAIL",
        "status_extended": "S3 Bucket newpoc-s3bucket-xmanesdq4kkj has MFA Delete disabled."
      }
    ]
  }
]