[
    [
        {
            "region": "global",
            "resource_id": "<root_account>",
            "resource_arn": "arn:aws:iam::{'User': {'Path': '/', 'UserName': 'helloSDworld', 'UserId': 'AIDAXYKJTDP3ILBOTS2KS', 'Arn': 'arn:aws:iam::533267160054:user/helloSDworld', 'CreateDate': datetime.datetime(2024, 5, 10, 9, 12, 51, tzinfo=tzutc()), 'Tags': [{'Key': 'AKIAXYKJTDP3MQUIMI43', 'Value': 'newkey'}, {'Key': 'AKIAXYKJTDP3OEE5WDET', 'Value': 'python'}]}, 'ResponseMetadata': {'RequestId': '25a0d561-ef26-46dc-bb99-a5464e59db18', 'HTTPStatusCode': 200, 'HTTPHeaders': {'date': 'Thu, 27 Jun 2024 13:45:43 GMT', 'x-amzn-requestid': '25a0d561-ef26-46dc-bb99-a5464e59db18', 'content-type': 'text/xml', 'content-length': '718'}, 'RetryAttempts': 0}}:root",
            "status": "PASS",
            "status_extended": "User <root_account> does not have access keys."
        }
    ]
]