[
    {
        "region": "global",
        "resource_id": "<root_account>",
        "resource_arn": "arn:aws:iam::{'User': {'Path': '/', 'UserName': 'helloSDworld', 'UserId': 'AIDAXYKJTDP3ILBOTS2KS', 'Arn': 'arn:aws:iam::533267160054:user/helloSDworld', 'CreateDate': datetime.datetime(2024, 5, 10, 9, 12, 51, tzinfo=tzutc()), 'Tags': [{'Key': 'AKIAXYKJTDP3MQUIMI43', 'Value': 'newkey'}, {'Key': 'AKIAXYKJTDP3OEE5WDET', 'Value': 'python'}]}, 'ResponseMetadata': {'RequestId': 'fef43b73-c0b2-426f-8266-db75a59a2da7', 'HTTPStatusCode': 200, 'HTTPHeaders': {'date': 'Thu, 27 Jun 2024 13:26:51 GMT', 'x-amzn-requestid': 'fef43b73-c0b2-426f-8266-db75a59a2da7', 'content-type': 'text/xml', 'content-length': '718'}, 'RetryAttempts': 0}}:root",
        "status": "PASS",
        "status_extended": "User <root_account> does not have access keys."
    }
]