{
    "prowlerstack-s3bucket-zd7o9qwk5jk7": {
        "encryption": [
            {
                "Bucket": "prowlerstack-s3bucket-zd7o9qwk5jk7",
                "Status": "PASS",
                "Details": "S3 Bucket prowlerstack-s3bucket-zd7o9qwk5jk7 has Server Side Encryption with AES256.",
                "ARN": "arn:aws:s3::ap-northeast-2:prowlerstack-s3bucket-zd7o9qwk5jk7",
                "Region": "ap-northeast-2",
                "Tags": [
                    {
                        "Key": "aws:cloudformation:stack-id",
                        "Value": "arn:aws:cloudformation:ap-northeast-2:211125428358:stack/prowlerstack/79603c70-1b6d-11ef-8af1-0a1959b8f481"
                    },
                    {
                        "Key": "aws:cloudformation:stack-name",
                        "Value": "prowlerstack"
                    },
                    {
                        "Key": "aws:cloudformation:logical-id",
                        "Value": "s3bucket"
                    }
                ]
            }
        ],
        "object_lock": [
            {
                "Bucket": "prowlerstack-s3bucket-zd7o9qwk5jk7",
                "Status": "FAIL",
                "Details": "S3 Bucket prowlerstack-s3bucket-zd7o9qwk5jk7 does not have Object Lock enabled.",
                "ARN": "arn:aws:s3::ap-northeast-2:prowlerstack-s3bucket-zd7o9qwk5jk7",
                "Region": "ap-northeast-2",
                "Tags": [
                    {
                        "Key": "aws:cloudformation:stack-id",
                        "Value": "arn:aws:cloudformation:ap-northeast-2:211125428358:stack/prowlerstack/79603c70-1b6d-11ef-8af1-0a1959b8f481"
                    },
                    {
                        "Key": "aws:cloudformation:stack-name",
                        "Value": "prowlerstack"
                    },
                    {
                        "Key": "aws:cloudformation:logical-id",
                        "Value": "s3bucket"
                    }
                ]
            }
        ],
        "mfa_delete": [
            {
                "Bucket": "prowlerstack-s3bucket-zd7o9qwk5jk7",
                "Status": "FAIL",
                "Details": "S3 Bucket prowlerstack-s3bucket-zd7o9qwk5jk7 has MFA Delete disabled.",
                "ARN": "arn:aws:s3::ap-northeast-2:prowlerstack-s3bucket-zd7o9qwk5jk7",
                "Region": "ap-northeast-2",
                "Tags": [
                    {
                        "Key": "aws:cloudformation:stack-id",
                        "Value": "arn:aws:cloudformation:ap-northeast-2:211125428358:stack/prowlerstack/79603c70-1b6d-11ef-8af1-0a1959b8f481"
                    },
                    {
                        "Key": "aws:cloudformation:stack-name",
                        "Value": "prowlerstack"
                    },
                    {
                        "Key": "aws:cloudformation:logical-id",
                        "Value": "s3bucket"
                    }
                ]
            }
        ],
        "public_access": [
            {
                "Bucket": "prowlerstack-s3bucket-zd7o9qwk5jk7",
                "Status": "PASS",
                "Details": "S3 Bucket prowlerstack-s3bucket-zd7o9qwk5jk7 is not public.",
                "ARN": "arn:aws:s3:::prowlerstack-s3bucket-zd7o9qwk5jk7",
                "Region": "ap-northeast-2",
                "Tags": [
                    {
                        "Key": "aws:cloudformation:stack-id",
                        "Value": "arn:aws:cloudformation:ap-northeast-2:211125428358:stack/prowlerstack/79603c70-1b6d-11ef-8af1-0a1959b8f481"
                    },
                    {
                        "Key": "aws:cloudformation:stack-name",
                        "Value": "prowlerstack"
                    },
                    {
                        "Key": "aws:cloudformation:logical-id",
                        "Value": "s3bucket"
                    }
                ]
            }
        ],
        "secure_transport": [
            {
                "Bucket": "prowlerstack-s3bucket-zd7o9qwk5jk7",
                "Status": "FAIL",
                "Details": "S3 Bucket prowlerstack-s3bucket-zd7o9qwk5jk7 allows requests over insecure transport in the bucket policy.",
                "ARN": "arn:aws:s3:::prowlerstack-s3bucket-zd7o9qwk5jk7",
                "Region": "ap-northeast-2",
                "Tags": [
                    {
                        "Key": "aws:cloudformation:stack-id",
                        "Value": "arn:aws:cloudformation:ap-northeast-2:211125428358:stack/prowlerstack/79603c70-1b6d-11ef-8af1-0a1959b8f481"
                    },
                    {
                        "Key": "aws:cloudformation:stack-name",
                        "Value": "prowlerstack"
                    },
                    {
                        "Key": "aws:cloudformation:logical-id",
                        "Value": "s3bucket"
                    }
                ]
            }
        ],
        "public_write_access": [
            {
                "Bucket": "prowlerstack-s3bucket-zd7o9qwk5jk7",
                "Status": "PASS",
                "Details": "S3 Bucket prowlerstack-s3bucket-zd7o9qwk5jk7 does not allow public write access in the bucket policy.",
                "ARN": "arn:aws:s3:::prowlerstack-s3bucket-zd7o9qwk5jk7",
                "Region": "ap-northeast-2",
                "Tags": [
                    {
                        "Key": "aws:cloudformation:stack-id",
                        "Value": "arn:aws:cloudformation:ap-northeast-2:211125428358:stack/prowlerstack/79603c70-1b6d-11ef-8af1-0a1959b8f481"
                    },
                    {
                        "Key": "aws:cloudformation:stack-name",
                        "Value": "prowlerstack"
                    },
                    {
                        "Key": "aws:cloudformation:logical-id",
                        "Value": "s3bucket"
                    }
                ]
            }
        ]
    }
}